Sequence	Base Sequence	Protein Groups	Gene Names	Organism	Intensity_139-PR150	Detection Type_139-PR150	
AGAVSQAYHDLASR	AGAVSQAYHDLASR	TcCLB.511001.120:mRNA-p1 | TcCLB.511001.120:mRNA-p1			2260401.5703125	MSMS
ALVKDEVIPR	ALVKDEVIPR	TcCLB.506743.4:mRNA-p1 | TcCLB.506743.4:mRNA-p1|TCSYLVIO_007656-t26_1-p1 | TCSYLVIO_007656-t26_1-p1	|		5451769.625	MSMS
AVC[Common Fixed:Carbamidomethyl on C]M[Common Variable:Oxidation on M]IANSTAIAEVFAR	AVCMIANSTAIAEVFAR	TCSYLVIO_008204-t26_1-p1 | TCSYLVIO_008204-t26_1-p1			1716977.78125	MSMS
AVLIDLEPGTM[Common Variable:Oxidation on M]DSVR	AVLIDLEPGTMDSVR	TcCLB.506563.40:mRNA-p1 | TcCLB.506563.40:mRNA-p1			2091259.03125	MSMS
C[Common Fixed:Carbamidomethyl on C]GINYQPPTVVPGGDLAK	CGINYQPPTVVPGGDLAK	TCSYLVIO_008204-t26_1-p1 | TCSYLVIO_008204-t26_1-p1			4917184.6875	MSMS
DIVYADPQEGEEYAQVK	DIVYADPQEGEEYAQVK	TcCLB.506743.4:mRNA-p1 | TcCLB.506743.4:mRNA-p1|TCSYLVIO_007656-t26_1-p1 | TCSYLVIO_007656-t26_1-p1	|		4260329.5	MSMS
DNLDM[Common Variable:Oxidation on M]PPNAELAAQIK	DNLDMPPNAELAAQIK	TcCLB.506925.120:mRNA-p1 | TcCLB.506925.120:mRNA-p1|TcCLB.506925.130:mRNA-p1 | TcCLB.506925.130:mRNA-p1	|		96668538.5	MSMS
DNLDMPPNAELAAQIK	DNLDMPPNAELAAQIK	TcCLB.506925.120:mRNA-p1 | TcCLB.506925.120:mRNA-p1|TcCLB.506925.130:mRNA-p1 | TcCLB.506925.130:mRNA-p1	|		37356355.25	MSMS
DVNAAVATIK	DVNAAVATIK	TCSYLVIO_008204-t26_1-p1 | TCSYLVIO_008204-t26_1-p1			48744216.5	MSMS
DVYLLAAGR	DVYLLAAGR	TCSYLVIO_009995-t26_1-p1 | TCSYLVIO_009995-t26_1-p1			543370.9375	MSMS
EVDEQMLNVQNK	EVDEQMLNVQNK	TcCLB.506563.40:mRNA-p1 | TcCLB.506563.40:mRNA-p1			9541256.28125	MSMS
FFGLQSGEEGEMK	FFGLQSGEEGEMK	TcCLB.510911.10:mRNA-p1 | TcCLB.510911.10:mRNA-p1			857621.9888053609	MSMS
GAAGGC[Common Fixed:Carbamidomethyl on C]IYTSK	GAAGGCIYTSK	TcCLB.510911.10:mRNA-p1 | TcCLB.510911.10:mRNA-p1			1008039.890625	MSMS
GGYIC[Common Fixed:Carbamidomethyl on C]INGRPC[Common Fixed:Carbamidomethyl on C]K	GGYICINGRPCK	TcCLB.506925.120:mRNA-p1 | TcCLB.506925.120:mRNA-p1|TcCLB.506925.130:mRNA-p1 | TcCLB.506925.130:mRNA-p1	|		8393720.4375	MSMS
INVYFDEATGGR	INVYFDEATGGR	TcCLB.506563.40:mRNA-p1 | TcCLB.506563.40:mRNA-p1			1359651.5	MSMS
KGGYIC[Common Fixed:Carbamidomethyl on C]INGR	KGGYICINGR	TcCLB.506925.120:mRNA-p1 | TcCLB.506925.120:mRNA-p1|TcCLB.506925.130:mRNA-p1 | TcCLB.506925.130:mRNA-p1	|		931721.6640625	MSMS
KVWIGQGDVVLVSK	KVWIGQGDVVLVSK	TcCLB.506743.4:mRNA-p1 | TcCLB.506743.4:mRNA-p1|TCSYLVIO_007656-t26_1-p1 | TCSYLVIO_007656-t26_1-p1	|		1321514.203125	MSMS
LELQLADGSK	LELQLADGSK	TcCLB.506743.4:mRNA-p1 | TcCLB.506743.4:mRNA-p1|TCSYLVIO_007656-t26_1-p1 | TCSYLVIO_007656-t26_1-p1	|		11385828.5	MSMS
LYAPLAGEAPTVTVR	LYAPLAGEAPTVTVR	TcCLB.507837.60:mRNA-p1 | TcCLB.507837.60:mRNA-p1|TCSYLVIO_008402-t26_1-p1 | TCSYLVIO_008402-t26_1-p1	|		1981657.25	MSMS
M[Common Variable:Oxidation on M]EDQAPTTHNVDVPFVK	MEDQAPTTHNVDVPFVK	TcCLB.506925.120:mRNA-p1 | TcCLB.506925.120:mRNA-p1|TcCLB.506925.130:mRNA-p1 | TcCLB.506925.130:mRNA-p1	|		144945878.7570036	MSMS
MEDQAPTTHNVDVPFVK	MEDQAPTTHNVDVPFVK	TcCLB.506925.120:mRNA-p1 | TcCLB.506925.120:mRNA-p1|TcCLB.506925.130:mRNA-p1 | TcCLB.506925.130:mRNA-p1	|		132797044	MSMS
NDIVDVIHR	NDIVDVIHR	TcCLB.506743.4:mRNA-p1 | TcCLB.506743.4:mRNA-p1|TCSYLVIO_007656-t26_1-p1 | TCSYLVIO_007656-t26_1-p1	|		7247823.5625	MSMS
PAHLSLMDDEGETR	PAHLSLMDDEGETR	TcCLB.506925.120:mRNA-p1 | TcCLB.506925.120:mRNA-p1|TcCLB.506925.130:mRNA-p1 | TcCLB.506925.130:mRNA-p1	|		3272571.921875	MSMS
SSIC[Common Fixed:Carbamidomethyl on C]DIPPK	SSICDIPPK	TcCLB.506563.40:mRNA-p1 | TcCLB.506563.40:mRNA-p1			5645916.125	MSMS
STHGDVLSC[Common Fixed:Carbamidomethyl on C]K	STHGDVLSCK	TcCLB.511001.120:mRNA-p1 | TcCLB.511001.120:mRNA-p1			1532369.0625	MSMS
TDPSKPAHLSLM[Common Variable:Oxidation on M]DDEGETR	TDPSKPAHLSLMDDEGETR	TcCLB.506925.120:mRNA-p1 | TcCLB.506925.120:mRNA-p1|TcCLB.506925.130:mRNA-p1 | TcCLB.506925.130:mRNA-p1	|		97063830.33333333	MSMS
TDPSKPAHLSLMDDEGETR	TDPSKPAHLSLMDDEGETR	TcCLB.506925.120:mRNA-p1 | TcCLB.506925.120:mRNA-p1|TcCLB.506925.130:mRNA-p1 | TcCLB.506925.130:mRNA-p1	|		82117379.33333333	MSMS
TIQFVDWSPTGFK	TIQFVDWSPTGFK	TCSYLVIO_008204-t26_1-p1 | TCSYLVIO_008204-t26_1-p1			5888898.625	MSMS
TSTYSVLDIQEDR	TSTYSVLDIQEDR	TcCLB.506925.120:mRNA-p1 | TcCLB.506925.120:mRNA-p1|TcCLB.506925.130:mRNA-p1 | TcCLB.506925.130:mRNA-p1	|		494218422.5219929	MSMS
VGEQFTAM[Common Variable:Oxidation on M]FR	VGEQFTAMFR	TcCLB.506563.40:mRNA-p1 | TcCLB.506563.40:mRNA-p1			6825632.1875	MSMS
VGEQFTAMFR	VGEQFTAMFR	TcCLB.506563.40:mRNA-p1 | TcCLB.506563.40:mRNA-p1			6187173.8125	MSMS
VHSVDLTLQHEK	VHSVDLTLQHEK	TcCLB.507837.50:mRNA-p1 | TcCLB.507837.50:mRNA-p1|TcCLB.511139.20:mRNA-p1 | TcCLB.511139.20:mRNA-p1	|		1895490.125	MSMS
VSIVATDIFTGNK	VSIVATDIFTGNK	TcCLB.506925.120:mRNA-p1 | TcCLB.506925.120:mRNA-p1|TcCLB.506925.130:mRNA-p1 | TcCLB.506925.130:mRNA-p1	|		417490369.48850137	MSMS
VWIGQGDVVLVSK	VWIGQGDVVLVSK	TcCLB.506743.4:mRNA-p1 | TcCLB.506743.4:mRNA-p1|TCSYLVIO_007656-t26_1-p1 | TCSYLVIO_007656-t26_1-p1	|		1097026.4689236719	MSMS
YHNIEVLGVK	YHNIEVLGVK	TcCLB.511001.120:mRNA-p1 | TcCLB.511001.120:mRNA-p1			2075638.6875	MSMS
YMAC[Common Fixed:Carbamidomethyl on C]C[Common Fixed:Carbamidomethyl on C]LMYR	YMACCLMYR	TCSYLVIO_008204-t26_1-p1 | TCSYLVIO_008204-t26_1-p1			4622948.15625	MSMS
YNVLEVVSK	YNVLEVVSK	TcCLB.507837.50:mRNA-p1 | TcCLB.507837.50:mRNA-p1|TcCLB.511139.20:mRNA-p1 | TcCLB.511139.20:mRNA-p1	|		6316821.3125	MSMS
